Run,Ligand,Residue,ResidueKey,Chain,ResNum,ContactFraction,ContactCount,Apo_RMSF_A,Bound_RMSF_A,Delta_RMSF_A,Direction,Abs_Delta_RMSF_A
HUMAN_BALO,Balovaptan,GLU5454,54,,54,0.18379632407351854,18.379632407351853,2.6119497,2.4373631,-0.17458660000000004,stabilized / rigidified,0.17458660000000004
HUMAN_BALO,Balovaptan,LEU5858,58,,58,0.43191136177276457,43.191136177276455,1.0501112,1.9037356,0.8536244000000002,loosened / more flexible,0.8536244000000002
HUMAN_BALO,Balovaptan,GLN104104,104,,104,0.9999200015999681,99.9920001599968,1.359354,1.4293545,0.07000050000000013,loosened / more flexible,0.07000050000000013
HUMAN_BALO,Balovaptan,VAL105105,105,,105,0.22465550688986224,22.465550688986223,1.2647126,1.4735895,0.20887690000000014,loosened / more flexible,0.20887690000000014
HUMAN_BALO,Balovaptan,PRO107107,107,,107,0.27235455290894184,27.235455290894183,1.7790983,1.9306452,0.15154690000000004,loosened / more flexible,0.15154690000000004
HUMAN_BALO,Balovaptan,GLN108108,108,,108,0.997220055598888,99.7220055598888,1.7766032,2.00137,0.22476680000000004,loosened / more flexible,0.22476680000000004
HUMAN_BALO,Balovaptan,TRP111111,111,,111,0.5438091238175237,54.38091238175237,1.9248868,2.3988903,0.47400350000000024,loosened / more flexible,0.47400350000000024
HUMAN_BALO,Balovaptan,LYS128128,128,,128,0.9048619027619448,90.48619027619448,1.2119375,0.7960111,-0.4159263999999999,stabilized / rigidified,0.4159263999999999
HUMAN_BALO,Balovaptan,GLN131131,131,,131,0.9888002239955201,98.88002239955202,0.86395097,0.9782234,0.11427242999999998,loosened / more flexible,0.11427242999999998
HUMAN_BALO,Balovaptan,VAL132132,132,,132,0.8222635547289054,82.22635547289055,0.89379764,1.1661348,0.2723371600000001,loosened / more flexible,0.2723371600000001
HUMAN_BALO,Balovaptan,MET135135,135,,135,0.8492230155396893,84.92230155396892,0.94452494,0.86758184,-0.07694309999999993,stabilized / rigidified,0.07694309999999993
HUMAN_BALO,Balovaptan,GLN185185,185,,185,0.7073258534829303,70.73258534829303,1.922699,1.7977009,-0.1249981,stabilized / rigidified,0.1249981
HUMAN_BALO,Balovaptan,PHE189189,189,,189,0.9692206155876881,96.92206155876882,3.613665,1.1512614,-2.4624036,stabilized / rigidified,2.4624036
HUMAN_BALO,Balovaptan,TRP204204,204,,204,0.4408711825763485,44.08711825763485,1.7202765,1.3537626,-0.36651389999999995,stabilized / rigidified,0.36651389999999995
HUMAN_BALO,Balovaptan,ALA205205,205,,205,0.4120717585648287,41.20717585648287,1.4759829,1.4328182,-0.043164699999999945,stabilized / rigidified,0.043164699999999945
HUMAN_BALO,Balovaptan,PHE207207,207,,207,0.9414811703765923,94.14811703765923,1.7143424,1.5234412,-0.1909012000000001,stabilized / rigidified,0.1909012000000001
HUMAN_BALO,Balovaptan,SER213213,213,,213,0.11169776604467913,11.169776604467913,1.2461418,1.2742732,0.02813140000000014,loosened / more flexible,0.02813140000000014
HUMAN_BALO,Balovaptan,TYR216216,216,,216,0.9397812043759124,93.97812043759124,1.1902256,1.0717256,-0.11850000000000005,stabilized / rigidified,0.11850000000000005
HUMAN_BALO,Balovaptan,VAL217217,217,,217,0.9988000239995201,99.880002399952,0.9686202,0.96831334,-0.0003068600000000199,stabilized / rigidified,0.0003068600000000199
HUMAN_BALO,Balovaptan,MET220220,220,,220,0.9783804323913522,97.83804323913522,0.9323221,0.8988521,-0.03347,stabilized / rigidified,0.03347
HUMAN_BALO,Balovaptan,THR221221,221,,221,0.9756004879902405,97.56004879902405,0.9410321,0.8734285,-0.06760359999999999,stabilized / rigidified,0.06760359999999999
HUMAN_BALO,Balovaptan,ILE224224,224,,224,0.9581408371832564,95.81408371832563,1.0076953,0.89772636,-0.10996894000000002,stabilized / rigidified,0.10996894000000002
HUMAN_BALO,Balovaptan,TRP304304,304,,304,0.30753384932301353,30.75338493230135,0.69992626,1.4154567,0.71553044,loosened / more flexible,0.71553044
HUMAN_BALO,Balovaptan,PHE307307,307,,307,0.9988000239995201,99.880002399952,0.77722853,1.0287048,0.25147627000000006,loosened / more flexible,0.25147627000000006
HUMAN_BALO,Balovaptan,PHE308308,308,,308,0.99660006799864,99.660006799864,1.0221478,1.4632021,0.4410543,loosened / more flexible,0.4410543
HUMAN_BALO,Balovaptan,GLN311311,311,,311,0.988720225595488,98.8720225595488,1.4137746,1.7021756,0.2884009999999999,loosened / more flexible,0.2884009999999999
HUMAN_UMF,UMF-504,GLN104104,104,,104,1.0,100.0,1.359354,0.79313105,-0.56622295,stabilized / rigidified,0.56622295
HUMAN_UMF,UMF-504,VAL105105,105,,105,0.4386512269754605,43.86512269754605,1.2647126,0.7437103,-0.5210022999999999,stabilized / rigidified,0.5210022999999999
HUMAN_UMF,UMF-504,GLN108108,108,,108,0.9999600007999839,99.9960000799984,1.7766032,0.95697844,-0.8196247600000001,stabilized / rigidified,0.8196247600000001
HUMAN_UMF,UMF-504,LYS128128,128,,128,0.9632607347853045,96.32607347853045,1.2119375,0.6180538,-0.5938836999999999,stabilized / rigidified,0.5938836999999999
HUMAN_UMF,UMF-504,GLN131131,131,,131,1.0,100.0,0.86395097,0.6111237,-0.25282726999999994,stabilized / rigidified,0.25282726999999994
HUMAN_UMF,UMF-504,VAL132132,132,,132,0.9999600007999839,99.9960000799984,0.89379764,0.5996206,-0.29417704,stabilized / rigidified,0.29417704
HUMAN_UMF,UMF-504,MET135135,135,,135,0.999880002399952,99.9880002399952,0.94452494,0.5833645,-0.36116044,stabilized / rigidified,0.36116044
HUMAN_UMF,UMF-504,GLN185185,185,,185,0.9973400531989359,99.7340053198936,1.922699,0.75421,-1.1684889999999999,stabilized / rigidified,1.1684889999999999
HUMAN_UMF,UMF-504,VAL188188,188,,188,0.6314873702525949,63.14873702525949,3.0402782,0.7887474,-2.2515308,stabilized / rigidified,2.2515308
HUMAN_UMF,UMF-504,PHE189189,189,,189,0.996620067598648,99.6620067598648,3.613665,0.659357,-2.954308,stabilized / rigidified,2.954308
HUMAN_UMF,UMF-504,TRP204204,204,,204,0.34867302653946924,34.86730265394692,1.7202765,0.95428336,-0.76599314,stabilized / rigidified,0.76599314
HUMAN_UMF,UMF-504,ALA205205,205,,205,0.9548809023819524,95.48809023819524,1.4759829,0.8381268,-0.6378561,stabilized / rigidified,0.6378561
HUMAN_UMF,UMF-504,PHE207207,207,,207,0.9815003699925999,98.15003699926,1.7143424,1.5044377,-0.20990470000000006,stabilized / rigidified,0.20990470000000006
HUMAN_UMF,UMF-504,SER213213,213,,213,0.8322233555328894,83.22233555328894,1.2461418,1.5481955,0.3020537000000001,loosened / more flexible,0.3020537000000001
HUMAN_UMF,UMF-504,TYR216216,216,,216,0.999760004799904,99.9760004799904,1.1902256,0.8122817,-0.3779439,stabilized / rigidified,0.3779439
HUMAN_UMF,UMF-504,VAL217217,217,,217,1.0,100.0,0.9686202,0.763366,-0.20525420000000005,stabilized / rigidified,0.20525420000000005
HUMAN_UMF,UMF-504,MET220220,220,,220,0.999980000399992,99.9980000399992,0.9323221,0.7492078,-0.18311430000000006,stabilized / rigidified,0.18311430000000006
HUMAN_UMF,UMF-504,THR221221,221,,221,0.9999200015999681,99.9920001599968,0.9410321,0.8396417,-0.10139039999999999,stabilized / rigidified,0.10139039999999999
HUMAN_UMF,UMF-504,ILE224224,224,,224,0.99720005599888,99.720005599888,1.0076953,0.77286756,-0.23482773999999995,stabilized / rigidified,0.23482773999999995
HUMAN_UMF,UMF-504,TRP304304,304,,304,0.8029039419211615,80.29039419211615,0.69992626,0.58338135,-0.11654491,stabilized / rigidified,0.11654491
HUMAN_UMF,UMF-504,PHE307307,307,,307,0.999560008799824,99.9560008799824,0.77722853,0.6080567,-0.16917183000000002,stabilized / rigidified,0.16917183000000002
HUMAN_UMF,UMF-504,PHE308308,308,,308,0.999860002799944,99.9860002799944,1.0221478,0.66646725,-0.35568055,stabilized / rigidified,0.35568055
HUMAN_UMF,UMF-504,GLN311311,311,,311,0.9994000119997599,99.940001199976,1.4137746,0.90070045,-0.51307415,stabilized / rigidified,0.51307415
