Run,Ligand,Residue,ResidueKey,Apo_RMSF_A,Bound_RMSF_A,Delta_RMSF_A,Direction,Abs_Delta_RMSF_A
RAT_BALO,Balovaptan,196.0196,196,6.6203117,3.4016588,-3.2186529000000004,More rigid,3.2186529000000004
RAT_BALO,Balovaptan,199.0199,199,8.42522,5.3506756,-3.0745443999999997,More rigid,3.0745443999999997
RAT_BALO,Balovaptan,197.0197,197,7.4757004,4.4269614,-3.0487390000000003,More rigid,3.0487390000000003
RAT_BALO,Balovaptan,198.0198,198,8.123945,5.1271224,-2.9968226000000007,More rigid,2.9968226000000007
RAT_BALO,Balovaptan,50.050,50,1.9812537,4.122274,2.1410203,More flexible,2.1410203
RAT_BALO,Balovaptan,200.0200,200,6.2947006,4.158917,-2.1357836,More rigid,2.1357836
RAT_BALO,Balovaptan,327.0327,327,4.3003054,6.134178,1.8338726000000003,More flexible,1.8338726000000003
RAT_BALO,Balovaptan,195.0195,195,4.2001443,2.4183981,-1.7817461999999997,More rigid,1.7817461999999997
RAT_BALO,Balovaptan,163.0163,163,1.4278507,3.1809556,1.7531048999999999,More flexible,1.7531048999999999
RAT_BALO,Balovaptan,162.0162,162,1.5205829,3.2270522,1.7064693000000002,More flexible,1.7064693000000002
RAT_BALO,Balovaptan,212.0212,212,3.0445676,4.717173,1.6726053999999997,More flexible,1.6726053999999997
RAT_BALO,Balovaptan,49.049,49,2.5918465,4.2353435,1.643497,More flexible,1.643497
RAT_BALO,Balovaptan,164.0164,164,1.4113389,2.9759505,1.5646116,More flexible,1.5646116
RAT_BALO,Balovaptan,201.0201,201,4.5955443,3.043499,-1.5520453,More rigid,1.5520453
RAT_BALO,Balovaptan,160.0160,160,2.04142,3.5919998,1.5505798,More flexible,1.5505798
RAT_BALO,Balovaptan,324.0324,324,3.531059,2.0416477,-1.4894113,More rigid,1.4894113
RAT_BALO,Balovaptan,194.0194,194,4.196891,2.7275538,-1.4693372,More rigid,1.4693372
RAT_BALO,Balovaptan,165.0165,165,1.2038773,2.5784335,1.3745562,More flexible,1.3745562
RAT_BALO,Balovaptan,166.0166,166,1.0256542,2.3667305,1.3410763,More flexible,1.3410763
RAT_BALO,Balovaptan,332.0332,332,5.644297,4.304083,-1.3402139999999996,More rigid,1.3402139999999996
RAT_BALO,Balovaptan,331.0331,331,6.4629817,5.1398797,-1.3231020000000004,More rigid,1.3231020000000004
RAT_BALO,Balovaptan,161.0161,161,1.8090523,3.1248817,1.3158294,More flexible,1.3158294
RAT_BALO,Balovaptan,213.0213,213,1.8031349,3.0776107,1.2744758,More flexible,1.2744758
RAT_BALO,Balovaptan,47.047,47,4.4171185,5.658531,1.2414125,More flexible,1.2414125
RAT_BALO,Balovaptan,334.0334,334,1.8060818,3.0417955,1.2357137,More flexible,1.2357137
RAT_BALO,Balovaptan,328.0328,328,4.164856,5.378026,1.2131699999999999,More flexible,1.2131699999999999
RAT_BALO,Balovaptan,51.051,51,1.977318,3.1530204,1.1757024,More flexible,1.1757024
RAT_BALO,Balovaptan,167.0167,167,0.9705874,2.1447113,1.1741239,More flexible,1.1741239
RAT_BALO,Balovaptan,48.048,48,3.2131174,4.368576,1.1554586000000002,More flexible,1.1554586000000002
RAT_BALO,Balovaptan,323.0323,323,2.5972536,1.497332,-1.0999216,More rigid,1.0999216
RAT_BALO,Balovaptan,211.0211,211,2.7478895,3.8150496,1.0671601000000002,More flexible,1.0671601000000002
RAT_BALO,Balovaptan,54.054,54,1.6622788,2.7164207,1.0541419,More flexible,1.0541419
RAT_BALO,Balovaptan,193.0193,193,3.0990102,2.0916777,-1.0073325,More rigid,1.0073325
RAT_BALO,Balovaptan,63.063,63,1.8834418,0.89159834,-0.9918434599999999,More rigid,0.9918434599999999
RAT_BALO,Balovaptan,53.053,53,2.0742302,3.0011706,0.9269403999999999,More flexible,0.9269403999999999
RAT_BALO,Balovaptan,168.0168,168,0.9554509,1.8607352,0.9052842999999999,More flexible,0.9052842999999999
RAT_BALO,Balovaptan,117.0117,117,1.6701317,2.56287,0.8927383000000002,More flexible,0.8927383000000002
RAT_BALO,Balovaptan,191.0191,191,2.1628985,1.2751316,-0.8877668999999999,More rigid,0.8877668999999999
RAT_BALO,Balovaptan,208.0208,208,2.0102942,1.1380544,-0.8722398000000002,More rigid,0.8722398000000002
RAT_BALO,Balovaptan,156.0156,156,1.7676821,2.6371698,0.8694877000000001,More flexible,0.8694877000000001
RAT_BALO,Balovaptan,329.0329,329,5.152793,5.9999948,0.8472017999999997,More flexible,0.8472017999999997
RAT_BALO,Balovaptan,157.0157,157,1.7533267,2.5973368,0.8440101,More flexible,0.8440101
RAT_BALO,Balovaptan,159.0159,159,1.9652807,2.7951572,0.8298764999999997,More flexible,0.8298764999999997
RAT_BALO,Balovaptan,115.0115,115,3.0281808,2.203312,-0.8248688,More rigid,0.8248688
RAT_BALO,Balovaptan,335.0335,335,1.5999207,2.4211488,0.8212281000000001,More flexible,0.8212281000000001
RAT_BALO,Balovaptan,60.060,60,2.1786537,1.4359874,-0.7426663,More rigid,0.7426663
RAT_BALO,Balovaptan,192.0192,192,2.4731822,1.7343069,-0.7388753000000001,More rigid,0.7388753000000001
RAT_BALO,Balovaptan,169.0169,169,0.8194857,1.5531911,0.7337054000000001,More flexible,0.7337054000000001
RAT_BALO,Balovaptan,345.0345,345,1.5672506,0.88872844,-0.67852216,More rigid,0.67852216
RAT_BALO,Balovaptan,346.0346,346,1.4631377,0.7913772,-0.6717605000000001,More rigid,0.6717605000000001
RAT_BALO,Balovaptan,66.066,66,1.4185693,0.7835811,-0.6349881999999999,More rigid,0.6349881999999999
RAT_BALO,Balovaptan,337.0337,337,1.4566064,2.05295,0.5963436,More flexible,0.5963436
RAT_BALO,Balovaptan,65.065,65,1.3800782,0.797398,-0.5826802,More rigid,0.5826802
RAT_BALO,Balovaptan,190.0190,190,1.7152059,1.1352265,-0.5799794,More rigid,0.5799794
RAT_BALO,Balovaptan,158.0158,158,2.2214348,2.7920187,0.5705838999999999,More flexible,0.5705838999999999
RAT_BALO,Balovaptan,64.064,64,1.4351546,0.8725855,-0.5625690999999999,More rigid,0.5625690999999999
RAT_BALO,Balovaptan,170.0170,170,0.7657671,1.3240534,0.5582862999999999,More flexible,0.5582862999999999
RAT_BALO,Balovaptan,185.0185,185,1.4072098,0.8899167,-0.5172931,More rigid,0.5172931
RAT_BALO,Balovaptan,348.0348,348,1.2663653,0.768354,-0.49801129999999993,More rigid,0.49801129999999993
RAT_BALO,Balovaptan,214.0214,214,1.674761,1.1901686,-0.4845923999999999,More rigid,0.4845923999999999
RAT_BALO,Balovaptan,118.0118,118,1.7798901,2.2634811,0.4835909999999999,More flexible,0.4835909999999999
RAT_BALO,Balovaptan,112.0112,112,2.462052,1.9784734,-0.48357859999999997,More rigid,0.48357859999999997
RAT_BALO,Balovaptan,184.0184,184,1.412781,0.9307063,-0.4820747000000001,More rigid,0.4820747000000001
RAT_BALO,Balovaptan,347.0347,347,1.2502426,0.777614,-0.47262859999999995,More rigid,0.47262859999999995
RAT_BALO,Balovaptan,203.0203,203,1.7922926,2.2630177,0.4707250999999999,More flexible,0.4707250999999999
RAT_BALO,Balovaptan,344.0344,344,1.3678119,0.90187997,-0.46593193,More rigid,0.46593193
RAT_BALO,Balovaptan,59.059,59,1.7317932,1.2756941,-0.4560991000000001,More rigid,0.4560991000000001
RAT_BALO,Balovaptan,52.052,52,2.1876688,2.6408448,0.453176,More flexible,0.453176
RAT_BALO,Balovaptan,325.0325,325,4.2393475,3.7875974,-0.45175009999999993,More rigid,0.45175009999999993
RAT_BALO,Balovaptan,322.0322,322,1.7666731,1.3159972,-0.4506759,More rigid,0.4506759
RAT_BALO,Balovaptan,114.0114,114,2.4452045,2.001929,-0.44327549999999993,More rigid,0.44327549999999993
RAT_BALO,Balovaptan,58.058,58,1.2733704,1.7035598,0.43018940000000017,More flexible,0.43018940000000017
RAT_BALO,Balovaptan,321.0321,321,1.6186965,1.1926255,-0.4260710000000001,More rigid,0.4260710000000001
RAT_BALO,Balovaptan,336.0336,336,1.389305,1.8131974,0.42389239999999995,More flexible,0.42389239999999995
RAT_BALO,Balovaptan,343.0343,343,1.2326089,0.81448025,-0.41812865,More rigid,0.41812865
RAT_BALO,Balovaptan,56.056,56,2.3821006,1.9811903,-0.40091029999999983,More rigid,0.40091029999999983
RAT_BALO,Balovaptan,215.0215,215,1.4697903,1.0722218,-0.3975685000000002,More rigid,0.3975685000000002
RAT_BALO,Balovaptan,67.067,67,1.1648118,0.76729524,-0.39751656,More rigid,0.39751656
RAT_BALO,Balovaptan,342.0342,342,1.5384779,1.1419234,-0.3965544999999999,More rigid,0.3965544999999999
RAT_BALO,Balovaptan,79.079,79,2.7209952,2.3278298,-0.3931654,More rigid,0.3931654
RAT_BALO,Balovaptan,349.0349,349,1.1419919,0.7512301,-0.39076180000000005,More rigid,0.39076180000000005
RAT_BALO,Balovaptan,358.0358,358,1.2306194,1.6197839,0.38916450000000014,More flexible,0.38916450000000014
RAT_BALO,Balovaptan,173.0173,173,0.81224287,1.1933489,0.38110603,More flexible,0.38110603
RAT_BALO,Balovaptan,172.0172,172,0.8469589,1.2074001,0.36044120000000013,More flexible,0.36044120000000013
RAT_BALO,Balovaptan,326.0326,326,4.5986557,4.255791,-0.3428646999999998,More rigid,0.3428646999999998
RAT_BALO,Balovaptan,338.0338,338,1.5677953,1.9066105,0.3388152,More flexible,0.3388152
RAT_BALO,Balovaptan,182.0182,182,1.1479653,0.8093595,-0.33860580000000007,More rigid,0.33860580000000007
RAT_BALO,Balovaptan,108.0108,108,1.3545911,1.689849,0.3352579,More flexible,0.3352579
RAT_BALO,Balovaptan,119.0119,119,1.7381467,2.0728328,0.3346861000000001,More flexible,0.3346861000000001
RAT_BALO,Balovaptan,85.085,85,1.6868145,1.3651377,-0.3216768000000001,More rigid,0.3216768000000001
RAT_BALO,Balovaptan,183.0183,183,1.2577002,0.9400482,-0.31765199999999993,More rigid,0.31765199999999993
RAT_BALO,Balovaptan,124.0124,124,0.93525505,1.2522405,0.3169854500000001,More flexible,0.3169854500000001
RAT_BALO,Balovaptan,186.0186,186,1.3045001,0.9934015,-0.3110986,More rigid,0.3110986
RAT_BALO,Balovaptan,70.070,70,1.1520249,0.8482785,-0.30374639999999997,More rigid,0.30374639999999997
RAT_BALO,Balovaptan,171.0171,171,0.77756613,1.0791495,0.30158337,More flexible,0.30158337
RAT_BALO,Balovaptan,181.0181,181,1.0984974,0.80012214,-0.29837526000000003,More rigid,0.29837526000000003
RAT_BALO,Balovaptan,226.0226,226,1.084893,0.78937423,-0.29551877000000015,More rigid,0.29551877000000015
RAT_BALO,Balovaptan,333.0333,333,3.7749681,3.4814906,-0.2934775000000003,More rigid,0.2934775000000003
RAT_BALO,Balovaptan,210.0210,210,2.136133,2.4253056,0.2891726000000001,More flexible,0.2891726000000001
RAT_BALO,Balovaptan,98.098,98,1.0405897,0.7540005,-0.2865892,More rigid,0.2865892
RAT_BALO,Balovaptan,205.0205,205,1.0241578,1.3086213,0.2844635,More flexible,0.2844635
RAT_BALO,Balovaptan,55.055,55,1.6135719,1.8844483,0.27087640000000013,More flexible,0.27087640000000013
RAT_BALO,Balovaptan,320.0320,320,1.4044211,1.13822,-0.26620109999999997,More rigid,0.26620109999999997
RAT_BALO,Balovaptan,69.069,69,0.9572331,0.69258416,-0.26464893999999994,More rigid,0.26464893999999994
RAT_BALO,Balovaptan,107.0107,107,1.3041784,1.567457,0.26327860000000003,More flexible,0.26327860000000003
RAT_BALO,Balovaptan,310.0310,310,1.0545046,0.7997328,-0.2547718,More rigid,0.2547718
RAT_BALO,Balovaptan,116.0116,116,2.241495,2.4935684,0.2520734,More flexible,0.2520734
RAT_BALO,Balovaptan,356.0356,356,0.9045151,1.1534989,0.24898379999999998,More flexible,0.24898379999999998
RAT_BALO,Balovaptan,357.0357,357,0.97605896,1.2216415,0.24558254000000002,More flexible,0.24558254000000002
RAT_BALO,Balovaptan,106.0106,106,1.0036674,1.2490953,0.24542789999999992,More flexible,0.24542789999999992
RAT_BALO,Balovaptan,350.0350,350,0.89976734,0.6548232,-0.24494413999999998,More rigid,0.24494413999999998
RAT_BALO,Balovaptan,57.057,57,2.3787682,2.1362925,-0.24247569999999996,More rigid,0.24247569999999996
RAT_BALO,Balovaptan,109.0109,109,1.2729717,1.5143147,0.24134299999999986,More flexible,0.24134299999999986
RAT_BALO,Balovaptan,68.068,68,0.93909144,0.6984221,-0.24066933999999995,More rigid,0.24066933999999995
RAT_BALO,Balovaptan,154.0154,154,1.3324891,1.0945524,-0.2379367000000001,More rigid,0.2379367000000001
RAT_BALO,Balovaptan,341.0341,341,1.5975391,1.3603395,-0.23719960000000007,More rigid,0.23719960000000007
RAT_BALO,Balovaptan,97.097,97,0.9403206,0.70497787,-0.23534272999999994,More rigid,0.23534272999999994
RAT_BALO,Balovaptan,204.0204,204,1.4310759,1.6628052,0.23172930000000003,More flexible,0.23172930000000003
RAT_BALO,Balovaptan,94.094,94,0.8906287,0.66122174,-0.22940696000000005,More rigid,0.22940696000000005
RAT_BALO,Balovaptan,218.0218,218,1.1848252,0.95579064,-0.2290345599999999,More rigid,0.2290345599999999
RAT_BALO,Balovaptan,206.0206,206,1.1609858,1.3891838,0.22819800000000012,More flexible,0.22819800000000012
RAT_BALO,Balovaptan,105.0105,105,1.0128177,1.2375109,0.22469319999999993,More flexible,0.22469319999999993
RAT_BALO,Balovaptan,330.0330,330,5.2050037,5.424405,0.21940130000000035,More flexible,0.21940130000000035
RAT_BALO,Balovaptan,103.0103,103,1.1385506,1.3567091,0.21815849999999992,More flexible,0.21815849999999992
RAT_BALO,Balovaptan,121.0121,121,1.3796961,1.5956666,0.21597049999999984,More flexible,0.21597049999999984
RAT_BALO,Balovaptan,355.0355,355,0.9387196,1.1545291,0.2158095,More flexible,0.2158095
RAT_BALO,Balovaptan,292.0292,292,1.0348202,1.2498391,0.2150189,More flexible,0.2150189
RAT_BALO,Balovaptan,95.095,95,0.9549414,0.74828184,-0.20665956000000008,More rigid,0.20665956000000008
RAT_BALO,Balovaptan,113.0113,113,2.098223,1.8950641,-0.20315890000000003,More rigid,0.20315890000000003
RAT_BALO,Balovaptan,291.0291,291,1.3231422,1.5224867,0.19934450000000004,More flexible,0.19934450000000004
RAT_BALO,Balovaptan,248.0248,248,1.9148785,1.7160666,-0.19881189999999993,More rigid,0.19881189999999993
RAT_BALO,Balovaptan,188.0188,188,1.2993914,1.1029134,-0.19647799999999993,More rigid,0.19647799999999993
RAT_BALO,Balovaptan,71.071,71,1.0444629,0.85173935,-0.19272355000000008,More rigid,0.19272355000000008
RAT_BALO,Balovaptan,127.0127,127,0.80386645,0.9922117,0.18834525000000002,More flexible,0.18834525000000002
RAT_BALO,Balovaptan,249.0249,249,2.3275635,2.1393516,-0.1882119000000002,More rigid,0.1882119000000002
RAT_BALO,Balovaptan,247.0247,247,1.8817148,1.6938207,-0.18789409999999984,More rigid,0.18789409999999984
RAT_BALO,Balovaptan,180.0180,180,1.1166364,0.9324796,-0.1841568,More rigid,0.1841568
RAT_BALO,Balovaptan,128.0128,128,0.69263583,0.8763284,0.18369257000000005,More flexible,0.18369257000000005
RAT_BALO,Balovaptan,289.0289,289,1.470665,1.6514964,0.1808314000000002,More flexible,0.1808314000000002
RAT_BALO,Balovaptan,309.0309,309,1.0138376,0.8336611,-0.18017649999999996,More rigid,0.18017649999999996
RAT_BALO,Balovaptan,187.0187,187,1.3432927,1.1645527,-0.1787399999999999,More rigid,0.1787399999999999
RAT_BALO,Balovaptan,246.0246,246,1.7371435,1.5597098,-0.17743369999999992,More rigid,0.17743369999999992
RAT_BALO,Balovaptan,219.0219,219,1.0183679,0.8458123,-0.17255560000000014,More rigid,0.17255560000000014
RAT_BALO,Balovaptan,174.0174,174,0.74196345,0.9104017,0.16843825,More flexible,0.16843825
RAT_BALO,Balovaptan,131.0131,131,0.75565845,0.91755915,0.1619007,More flexible,0.1619007
RAT_BALO,Balovaptan,93.093,93,0.85390997,0.6932312,-0.16067876999999997,More rigid,0.16067876999999997
RAT_BALO,Balovaptan,155.0155,155,1.4951147,1.3345268,-0.16058790000000012,More rigid,0.16058790000000012
RAT_BALO,Balovaptan,152.0152,152,0.9424932,0.7819537,-0.16053950000000006,More rigid,0.16053950000000006
RAT_BALO,Balovaptan,80.080,80,3.133852,3.2942886,0.1604365999999997,More flexible,0.1604365999999997
RAT_BALO,Balovaptan,351.0351,351,0.8918412,0.7321194,-0.15972180000000002,More rigid,0.15972180000000002
RAT_BALO,Balovaptan,245.0245,245,1.4099897,1.251559,-0.1584306999999998,More rigid,0.1584306999999998
RAT_BALO,Balovaptan,150.0150,150,0.8230499,0.667053,-0.1559969,More rigid,0.1559969
RAT_BALO,Balovaptan,111.0111,111,1.6772211,1.833161,0.15593990000000013,More flexible,0.15593990000000013
RAT_BALO,Balovaptan,227.0227,227,1.0016955,0.84722334,-0.15447216000000008,More rigid,0.15447216000000008
RAT_BALO,Balovaptan,221.0221,221,0.8776721,1.0308263,0.15315420000000002,More flexible,0.15315420000000002
RAT_BALO,Balovaptan,151.0151,151,0.9615735,0.81034124,-0.15123226,More rigid,0.15123226
RAT_BALO,Balovaptan,90.090,90,0.87491727,0.72667694,-0.14824032999999992,More rigid,0.14824032999999992
RAT_BALO,Balovaptan,222.0222,222,0.9987512,0.85286164,-0.14588955999999997,More rigid,0.14588955999999997
RAT_BALO,Balovaptan,216.0216,216,1.1663865,1.0211338,-0.1452526999999999,More rigid,0.1452526999999999
RAT_BALO,Balovaptan,153.0153,153,1.0305387,0.8857428,-0.14479589999999987,More rigid,0.14479589999999987
RAT_BALO,Balovaptan,243.0243,243,1.3372718,1.1928788,-0.144393,More rigid,0.144393
RAT_BALO,Balovaptan,244.0244,244,1.2678678,1.123816,-0.14405180000000017,More rigid,0.14405180000000017
RAT_BALO,Balovaptan,96.096,96,0.9176357,0.7745353,-0.14310040000000002,More rigid,0.14310040000000002
RAT_BALO,Balovaptan,120.0120,120,1.6427518,1.7854692,0.1427174,More flexible,0.1427174
RAT_BALO,Balovaptan,137.0137,137,0.77832246,0.6374999,-0.14082256000000004,More rigid,0.14082256000000004
RAT_BALO,Balovaptan,101.0101,101,1.1315229,0.99135035,-0.14017254999999995,More rigid,0.14017254999999995
RAT_BALO,Balovaptan,290.0290,290,1.4706414,1.6103306,0.13968919999999985,More flexible,0.13968919999999985
RAT_BALO,Balovaptan,176.0176,176,0.9573777,1.0865648,0.1291871000000001,More flexible,0.1291871000000001
RAT_BALO,Balovaptan,104.0104,104,1.2510161,1.3790276,0.12801149999999994,More flexible,0.12801149999999994
RAT_BALO,Balovaptan,242.0242,242,1.1530025,1.026124,-0.1268784999999999,More rigid,0.1268784999999999
RAT_BALO,Balovaptan,178.0178,178,0.8741337,0.74725574,-0.12687796000000007,More rigid,0.12687796000000007
RAT_BALO,Balovaptan,81.081,81,3.0320432,2.9067671,-0.12527609999999978,More rigid,0.12527609999999978
RAT_BALO,Balovaptan,72.072,72,0.9263569,0.8045712,-0.1217857,More rigid,0.1217857
RAT_BALO,Balovaptan,135.0135,135,0.6614306,0.78152454,0.12009394000000007,More flexible,0.12009394000000007
RAT_BALO,Balovaptan,91.091,91,0.8962618,0.78085953,-0.11540227000000003,More rigid,0.11540227000000003
RAT_BALO,Balovaptan,236.0236,236,1.0185328,0.90458155,-0.11395125000000006,More rigid,0.11395125000000006
RAT_BALO,Balovaptan,239.0239,239,1.0786701,0.9653791,-0.11329100000000003,More rigid,0.11329100000000003
RAT_BALO,Balovaptan,224.0224,224,0.8355406,0.9479383,0.11239770000000004,More flexible,0.11239770000000004
RAT_BALO,Balovaptan,209.0209,209,1.4320807,1.3197494,-0.11233129999999991,More rigid,0.11233129999999991
RAT_BALO,Balovaptan,125.0125,125,0.89128906,1.0033847,0.11209564000000005,More flexible,0.11209564000000005
RAT_BALO,Balovaptan,102.0102,102,1.0259466,1.1364121,0.1104655000000001,More flexible,0.1104655000000001
RAT_BALO,Balovaptan,315.0315,315,1.0172284,1.1276734,0.1104449999999999,More flexible,0.1104449999999999
RAT_BALO,Balovaptan,241.0241,241,0.8960339,0.7873226,-0.10871130000000007,More rigid,0.10871130000000007
RAT_BALO,Balovaptan,217.0217,217,1.1794968,1.0709319,-0.10856489999999996,More rigid,0.10856489999999996
RAT_BALO,Balovaptan,297.0297,297,0.72705054,0.83316255,0.10611200999999992,More flexible,0.10611200999999992
RAT_BALO,Balovaptan,235.0235,235,0.9272016,0.82179165,-0.10540994999999997,More rigid,0.10540994999999997
RAT_BALO,Balovaptan,100.0100,100,1.0452327,0.93995655,-0.1052761499999999,More rigid,0.1052761499999999
RAT_BALO,Balovaptan,139.0139,139,0.73390496,0.6290003,-0.1049046600000001,More rigid,0.1049046600000001
RAT_BALO,Balovaptan,294.0294,294,0.8630109,0.96729904,0.10428813999999997,More flexible,0.10428813999999997
RAT_BALO,Balovaptan,237.0237,237,0.84738433,0.7438176,-0.10356673000000005,More rigid,0.10356673000000005
RAT_BALO,Balovaptan,179.0179,179,1.0182378,0.91510427,-0.10313353000000003,More rigid,0.10313353000000003
RAT_BALO,Balovaptan,136.0136,136,0.73199534,0.6307849,-0.10121044000000001,More rigid,0.10121044000000001
RAT_BALO,Balovaptan,223.0223,223,0.915588,0.8143801,-0.1012078999999999,More rigid,0.1012078999999999
RAT_BALO,Balovaptan,133.0133,133,0.8042489,0.7032914,-0.10095750000000003,More rigid,0.10095750000000003
RAT_BALO,Balovaptan,303.0303,303,0.71146196,0.6110229,-0.10043905999999991,More rigid,0.10043905999999991
RAT_BALO,Balovaptan,234.0234,234,0.7896954,0.689292,-0.10040340000000003,More rigid,0.10040340000000003
RAT_BALO,Balovaptan,240.0240,240,1.0116483,0.91196465,-0.09968365000000001,More rigid,0.09968365000000001
RAT_BALO,Balovaptan,220.0220,220,0.8452505,0.94221765,0.09696715,More flexible,0.09696715
RAT_BALO,Balovaptan,312.0312,312,1.0640209,1.1606544,0.09663350000000004,More flexible,0.09663350000000004
RAT_BALO,Balovaptan,77.077,77,1.7590247,1.8553637,0.09633899999999995,More flexible,0.09633899999999995
RAT_BALO,Balovaptan,314.0314,314,0.88673294,0.9825649,0.09583195999999994,More flexible,0.09583195999999994
RAT_BALO,Balovaptan,207.0207,207,1.3363256,1.2409717,-0.09535389999999988,More rigid,0.09535389999999988
RAT_BALO,Balovaptan,340.0340,340,1.2756705,1.1828597,-0.09281079999999986,More rigid,0.09281079999999986
RAT_BALO,Balovaptan,140.0140,140,0.691121,0.60044134,-0.09067965999999994,More rigid,0.09067965999999994
RAT_BALO,Balovaptan,305.0305,305,0.757991,0.84842324,0.09043224000000005,More flexible,0.09043224000000005
RAT_BALO,Balovaptan,138.0138,138,0.744437,0.65789986,-0.08653714000000001,More rigid,0.08653714000000001
RAT_BALO,Balovaptan,123.0123,123,1.2900026,1.3754143,0.08541170000000009,More flexible,0.08541170000000009
RAT_BALO,Balovaptan,84.084,84,1.8018073,1.8859411,0.08413380000000004,More flexible,0.08413380000000004
RAT_BALO,Balovaptan,92.092,92,0.8610055,0.778091,-0.0829145,More rigid,0.0829145
RAT_BALO,Balovaptan,354.0354,354,0.7956277,0.87839454,0.0827668399999999,More flexible,0.0827668399999999
RAT_BALO,Balovaptan,301.0301,301,0.65813553,0.7404573,0.08232176999999996,More flexible,0.08232176999999996
RAT_BALO,Balovaptan,175.0175,175,0.8340131,0.9155553,0.08154220000000001,More flexible,0.08154220000000001
RAT_BALO,Balovaptan,78.078,78,2.0598574,2.1398964,0.0800390000000002,More flexible,0.0800390000000002
RAT_BALO,Balovaptan,319.0319,319,1.2305411,1.1509461,-0.07959499999999986,More rigid,0.07959499999999986
RAT_BALO,Balovaptan,231.0231,231,0.8825128,0.8035464,-0.07896639999999999,More rigid,0.07896639999999999
RAT_BALO,Balovaptan,149.0149,149,0.64742184,0.57043153,-0.07699031,More rigid,0.07699031
RAT_BALO,Balovaptan,238.0238,238,0.8374281,0.76457256,-0.07285554000000005,More rigid,0.07285554000000005
RAT_BALO,Balovaptan,132.0132,132,0.7344603,0.8072227,0.0727624,More flexible,0.0727624
RAT_BALO,Balovaptan,110.0110,110,1.6496528,1.5770826,-0.07257019999999992,More rigid,0.07257019999999992
RAT_BALO,Balovaptan,225.0225,225,0.9261031,0.8562154,-0.0698877,More rigid,0.0698877
RAT_BALO,Balovaptan,233.0233,233,0.8762748,0.8077818,-0.06849300000000003,More rigid,0.06849300000000003
RAT_BALO,Balovaptan,62.062,62,1.1311914,1.0638775,-0.06731390000000004,More rigid,0.06731390000000004
RAT_BALO,Balovaptan,293.0293,293,0.89696646,0.96371585,0.06674939000000002,More flexible,0.06674939000000002
RAT_BALO,Balovaptan,142.0142,142,0.5899017,0.52427024,-0.06563145999999997,More rigid,0.06563145999999997
RAT_BALO,Balovaptan,296.0296,296,0.63490814,0.70033336,0.06542522000000006,More flexible,0.06542522000000006
RAT_BALO,Balovaptan,73.073,73,1.1537104,1.0886686,-0.06504179999999993,More rigid,0.06504179999999993
RAT_BALO,Balovaptan,229.0229,229,0.8871525,0.95169693,0.06454442999999999,More flexible,0.06454442999999999
RAT_BALO,Balovaptan,287.0287,287,2.1505725,2.0864077,-0.06416479999999991,More rigid,0.06416479999999991
RAT_BALO,Balovaptan,232.0232,232,0.9644375,0.9004057,-0.06403179999999997,More rigid,0.06403179999999997
RAT_BALO,Balovaptan,89.089,89,0.83123535,0.76772326,-0.06351209000000002,More rigid,0.06351209000000002
RAT_BALO,Balovaptan,61.061,61,1.3306773,1.3935871,0.0629097999999999,More flexible,0.0629097999999999
RAT_BALO,Balovaptan,129.0129,129,0.83297616,0.7702922,-0.06268395999999998,More rigid,0.06268395999999998
RAT_BALO,Balovaptan,308.0308,308,0.90404356,0.8421772,-0.06186636000000001,More rigid,0.06186636000000001
RAT_BALO,Balovaptan,141.0141,141,0.64001894,0.58772874,-0.052290200000000064,More rigid,0.052290200000000064
RAT_BALO,Balovaptan,82.082,82,2.9111686,2.8616662,-0.049502399999999724,More rigid,0.049502399999999724
RAT_BALO,Balovaptan,134.0134,134,0.74659836,0.79474497,0.04814660999999998,More flexible,0.04814660999999998
RAT_BALO,Balovaptan,316.0316,316,0.984419,1.0303631,0.04594409999999993,More flexible,0.04594409999999993
RAT_BALO,Balovaptan,228.0228,228,0.92978305,0.9745846,0.04480154999999997,More flexible,0.04480154999999997
RAT_BALO,Balovaptan,202.0202,202,2.449513,2.4934535,0.04394050000000016,More flexible,0.04394050000000016
RAT_BALO,Balovaptan,99.099,99,0.97804534,0.9342749,-0.043770439999999966,More rigid,0.043770439999999966
RAT_BALO,Balovaptan,307.0307,307,0.8206099,0.7789453,-0.04166460000000005,More rigid,0.04166460000000005
RAT_BALO,Balovaptan,311.0311,311,1.0461435,1.087375,0.04123150000000009,More flexible,0.04123150000000009
RAT_BALO,Balovaptan,88.088,88,0.848538,0.8876657,0.03912769999999999,More flexible,0.03912769999999999
RAT_BALO,Balovaptan,83.083,83,2.712673,2.673979,-0.038694000000000006,More rigid,0.038694000000000006
RAT_BALO,Balovaptan,230.0230,230,0.8330884,0.7947917,-0.03829669999999996,More rigid,0.03829669999999996
RAT_BALO,Balovaptan,146.0146,146,0.5565735,0.5200889,-0.03648460000000009,More rigid,0.03648460000000009
RAT_BALO,Balovaptan,313.0313,313,0.9287194,0.8927608,-0.03595859999999995,More rigid,0.03595859999999995
RAT_BALO,Balovaptan,298.0298,298,0.71331316,0.74798316,0.03466999999999998,More flexible,0.03466999999999998
RAT_BALO,Balovaptan,304.0304,304,0.7405264,0.7065331,-0.033993300000000004,More rigid,0.033993300000000004
RAT_BALO,Balovaptan,143.0143,143,0.60590357,0.573342,-0.03256156999999993,More rigid,0.03256156999999993
RAT_BALO,Balovaptan,130.0130,130,0.7864821,0.81850183,0.032019730000000024,More flexible,0.032019730000000024
RAT_BALO,Balovaptan,353.0353,353,0.75325227,0.7850419,0.03178963000000001,More flexible,0.03178963000000001
RAT_BALO,Balovaptan,86.086,86,0.9987646,0.96736586,-0.03139873999999998,More rigid,0.03139873999999998
RAT_BALO,Balovaptan,299.0299,299,0.64394104,0.6157834,-0.028157639999999984,More rigid,0.028157639999999984
RAT_BALO,Balovaptan,300.0300,300,0.66445017,0.6920172,0.027567030000000048,More flexible,0.027567030000000048
RAT_BALO,Balovaptan,144.0144,144,0.57515657,0.602323,0.027166430000000075,More flexible,0.027166430000000075
RAT_BALO,Balovaptan,177.0177,177,0.91045904,0.9354364,0.02497735999999995,More flexible,0.02497735999999995
RAT_BALO,Balovaptan,295.0295,295,0.7161906,0.73669666,0.020506059999999993,More flexible,0.020506059999999993
RAT_BALO,Balovaptan,288.0288,288,1.5191711,1.5389299,0.019758799999999965,More flexible,0.019758799999999965
RAT_BALO,Balovaptan,189.0189,189,1.0129095,0.99980974,-0.013099759999999905,More rigid,0.013099759999999905
RAT_BALO,Balovaptan,306.0306,306,0.80224466,0.81454754,0.012302879999999905,More flexible,0.012302879999999905
RAT_BALO,Balovaptan,87.087,87,0.9308043,0.9424515,0.011647199999999969,More flexible,0.011647199999999969
RAT_BALO,Balovaptan,122.0122,122,1.4106681,1.4215395,0.010871399999999865,More flexible,0.010871399999999865
RAT_BALO,Balovaptan,145.0145,145,0.52012706,0.52777153,0.007644470000000014,More flexible,0.007644470000000014
RAT_BALO,Balovaptan,75.075,75,1.252606,1.2595206,0.006914599999999993,More flexible,0.006914599999999993
RAT_BALO,Balovaptan,148.0148,148,0.6258822,0.61975217,-0.0061300300000000085,More rigid,0.0061300300000000085
RAT_BALO,Balovaptan,76.076,76,1.3135607,1.3077807,-0.005780000000000118,More rigid,0.005780000000000118
RAT_BALO,Balovaptan,318.0318,318,1.135831,1.1308725,-0.004958500000000088,More rigid,0.004958500000000088
RAT_BALO,Balovaptan,147.0147,147,0.6467743,0.6423274,-0.004446900000000031,More rigid,0.004446900000000031
RAT_BALO,Balovaptan,302.0302,302,0.6729226,0.67701685,0.004094249999999966,More flexible,0.004094249999999966
RAT_BALO,Balovaptan,339.0339,339,1.3009157,1.3035434,0.0026276999999998996,More flexible,0.0026276999999998996
RAT_BALO,Balovaptan,317.0317,317,1.0331454,1.0351216,0.0019762000000000945,More flexible,0.0019762000000000945
RAT_BALO,Balovaptan,352.0352,352,0.82060266,0.8195367,-0.0010659600000000324,More rigid,0.0010659600000000324
RAT_BALO,Balovaptan,126.0126,126,0.96561676,0.96493745,-0.0006793099999999885,More rigid,0.0006793099999999885
RAT_BALO,Balovaptan,74.074,74,1.3312981,1.3315052,0.00020710000000012663,More flexible,0.00020710000000012663
RAT_UMF,UMF-504,47.047,47,4.4171185,9.327106,4.909987500000001,More flexible,4.909987500000001
RAT_UMF,UMF-504,48.048,48,3.2131174,7.1473846,3.9342672,More flexible,3.9342672
RAT_UMF,UMF-504,49.049,49,2.5918465,5.7832537,3.1914072000000004,More flexible,3.1914072000000004
RAT_UMF,UMF-504,50.050,50,1.9812537,5.0823765,3.1011227999999997,More flexible,3.1011227999999997
RAT_UMF,UMF-504,331.0331,331,6.4629817,4.3928814,-2.0701003,More rigid,2.0701003
RAT_UMF,UMF-504,196.0196,196,6.6203117,4.6005325,-2.0197792000000003,More rigid,2.0197792000000003
RAT_UMF,UMF-504,51.051,51,1.977318,3.9702554,1.9929374000000002,More flexible,1.9929374000000002
RAT_UMF,UMF-504,330.0330,330,5.2050037,3.2463026,-1.9587010999999999,More rigid,1.9587010999999999
RAT_UMF,UMF-504,358.0358,358,1.2306194,3.142058,1.9114386,More flexible,1.9114386
RAT_UMF,UMF-504,329.0329,329,5.152793,3.2791412,-1.8736517999999998,More rigid,1.8736517999999998
RAT_UMF,UMF-504,197.0197,197,7.4757004,5.6717997,-1.8039006999999998,More rigid,1.8039006999999998
RAT_UMF,UMF-504,202.0202,202,2.449513,4.0753403,1.6258272999999996,More flexible,1.6258272999999996
RAT_UMF,UMF-504,163.0163,163,1.4278507,2.9968169,1.5689661999999998,More flexible,1.5689661999999998
RAT_UMF,UMF-504,164.0164,164,1.4113389,2.9335618,1.5222229,More flexible,1.5222229
RAT_UMF,UMF-504,162.0162,162,1.5205829,2.8677711,1.3471882000000002,More flexible,1.3471882000000002
RAT_UMF,UMF-504,165.0165,165,1.2038773,2.4703865,1.2665092,More flexible,1.2665092
RAT_UMF,UMF-504,332.0332,332,5.644297,4.3841863,-1.2601107000000003,More rigid,1.2601107000000003
RAT_UMF,UMF-504,111.0111,111,1.6772211,2.9203794,1.2431583,More flexible,1.2431583
RAT_UMF,UMF-504,357.0357,357,0.97605896,2.1881506,1.2120916400000001,More flexible,1.2120916400000001
RAT_UMF,UMF-504,328.0328,328,4.164856,2.9861963,-1.1786597000000003,More rigid,1.1786597000000003
RAT_UMF,UMF-504,198.0198,198,8.123945,6.967375,-1.1565700000000012,More rigid,1.1565700000000012
RAT_UMF,UMF-504,347.0347,347,1.2502426,2.3950753,1.1448326999999998,More flexible,1.1448326999999998
RAT_UMF,UMF-504,199.0199,199,8.42522,7.35128,-1.0739399999999995,More rigid,1.0739399999999995
RAT_UMF,UMF-504,348.0348,348,1.2663653,2.2943988,1.0280335000000003,More flexible,1.0280335000000003
RAT_UMF,UMF-504,203.0203,203,1.7922926,2.7763095,0.9840169000000001,More flexible,0.9840169000000001
RAT_UMF,UMF-504,159.0159,159,1.9652807,2.919652,0.9543713,More flexible,0.9543713
RAT_UMF,UMF-504,201.0201,201,4.5955443,5.51105,0.9155056999999998,More flexible,0.9155056999999998
RAT_UMF,UMF-504,346.0346,346,1.4631377,2.3439817,0.880844,More flexible,0.880844
RAT_UMF,UMF-504,335.0335,335,1.5999207,2.4796498,0.8797290999999998,More flexible,0.8797290999999998
RAT_UMF,UMF-504,334.0334,334,1.8060818,2.6837325,0.8776507,More flexible,0.8776507
RAT_UMF,UMF-504,160.0160,160,2.04142,2.9055314,0.8641114000000001,More flexible,0.8641114000000001
RAT_UMF,UMF-504,343.0343,343,1.2326089,2.072647,0.8400380999999999,More flexible,0.8400380999999999
RAT_UMF,UMF-504,356.0356,356,0.9045151,1.6597998,0.7552847,More flexible,0.7552847
RAT_UMF,UMF-504,103.0103,103,1.1385506,1.8505976,0.7120469999999999,More flexible,0.7120469999999999
RAT_UMF,UMF-504,158.0158,158,2.2214348,2.928525,0.7070902000000001,More flexible,0.7070902000000001
RAT_UMF,UMF-504,79.079,79,2.7209952,2.0163147,-0.7046804999999998,More rigid,0.7046804999999998
RAT_UMF,UMF-504,336.0336,336,1.389305,2.0895882,0.7002832000000001,More flexible,0.7002832000000001
RAT_UMF,UMF-504,161.0161,161,1.8090523,2.494572,0.6855196999999997,More flexible,0.6855196999999997
RAT_UMF,UMF-504,291.0291,291,1.3231422,1.9894685,0.6663263000000001,More flexible,0.6663263000000001
RAT_UMF,UMF-504,112.0112,112,2.462052,3.1171312,0.6550792000000003,More flexible,0.6550792000000003
RAT_UMF,UMF-504,292.0292,292,1.0348202,1.688375,0.6535548,More flexible,0.6535548
RAT_UMF,UMF-504,289.0289,289,1.470665,2.1205657,0.6499007000000003,More flexible,0.6499007000000003
RAT_UMF,UMF-504,344.0344,344,1.3678119,1.9921917,0.6243798,More flexible,0.6243798
RAT_UMF,UMF-504,116.0116,116,2.241495,2.860455,0.61896,More flexible,0.61896
RAT_UMF,UMF-504,349.0349,349,1.1419919,1.7533889,0.611397,More flexible,0.611397
RAT_UMF,UMF-504,104.0104,104,1.2510161,1.8460084,0.5949923000000001,More flexible,0.5949923000000001
RAT_UMF,UMF-504,107.0107,107,1.3041784,1.8972573,0.5930788999999999,More flexible,0.5930788999999999
RAT_UMF,UMF-504,247.0247,247,1.8817148,2.4584725,0.5767577000000002,More flexible,0.5767577000000002
RAT_UMF,UMF-504,108.0108,108,1.3545911,1.9265647,0.5719736,More flexible,0.5719736
RAT_UMF,UMF-504,109.0109,109,1.2729717,1.8339887,0.5610169999999999,More flexible,0.5610169999999999
RAT_UMF,UMF-504,191.0191,191,2.1628985,1.621001,-0.5418974999999999,More rigid,0.5418974999999999
RAT_UMF,UMF-504,290.0290,290,1.4706414,2.0063677,0.5357263000000001,More flexible,0.5357263000000001
RAT_UMF,UMF-504,105.0105,105,1.0128177,1.5471177,0.5343,More flexible,0.5343
RAT_UMF,UMF-504,246.0246,246,1.7371435,2.2687366,0.5315931,More flexible,0.5315931
RAT_UMF,UMF-504,157.0157,157,1.7533267,2.2728882,0.5195615000000002,More flexible,0.5195615000000002
RAT_UMF,UMF-504,106.0106,106,1.0036674,1.5069305,0.5032630999999999,More flexible,0.5032630999999999
RAT_UMF,UMF-504,113.0113,113,2.098223,2.5989566,0.5007336000000002,More flexible,0.5007336000000002
RAT_UMF,UMF-504,110.0110,110,1.6496528,2.1477652,0.4981123999999999,More flexible,0.4981123999999999
RAT_UMF,UMF-504,55.055,55,1.6135719,2.1036456,0.49007370000000017,More flexible,0.49007370000000017
RAT_UMF,UMF-504,57.057,57,2.3787682,1.896523,-0.48224520000000015,More rigid,0.48224520000000015
RAT_UMF,UMF-504,52.052,52,2.1876688,2.6689293,0.48126049999999987,More flexible,0.48126049999999987
RAT_UMF,UMF-504,85.085,85,1.6868145,1.2102925,-0.4765220000000001,More rigid,0.4765220000000001
RAT_UMF,UMF-504,64.064,64,1.4351546,1.9047421,0.46958750000000005,More flexible,0.46958750000000005
RAT_UMF,UMF-504,214.0214,214,1.674761,1.208033,-0.46672800000000003,More rigid,0.46672800000000003
RAT_UMF,UMF-504,115.0115,115,3.0281808,3.489799,0.4616182000000002,More flexible,0.4616182000000002
RAT_UMF,UMF-504,226.0226,226,1.084893,0.6376645,-0.44722850000000014,More rigid,0.44722850000000014
RAT_UMF,UMF-504,114.0114,114,2.4452045,2.8921509,0.44694639999999985,More flexible,0.44694639999999985
RAT_UMF,UMF-504,102.0102,102,1.0259466,1.4640632,0.4381166000000001,More flexible,0.4381166000000001
RAT_UMF,UMF-504,192.0192,192,2.4731822,2.0492835,-0.4238987000000001,More rigid,0.4238987000000001
RAT_UMF,UMF-504,326.0326,326,4.5986557,5.0149064,0.4162507,More flexible,0.4162507
RAT_UMF,UMF-504,80.080,80,3.133852,2.7215738,-0.41227820000000026,More rigid,0.41227820000000026
RAT_UMF,UMF-504,156.0156,156,1.7676821,2.1740828,0.40640069999999984,More flexible,0.40640069999999984
RAT_UMF,UMF-504,117.0117,117,1.6701317,2.0745091,0.4043774000000002,More flexible,0.4043774000000002
RAT_UMF,UMF-504,296.0296,296,0.63490814,1.0383396,0.4034314600000001,More flexible,0.4034314600000001
RAT_UMF,UMF-504,293.0293,293,0.89696646,1.2985597,0.40159323999999996,More flexible,0.40159323999999996
RAT_UMF,UMF-504,206.0206,206,1.1609858,1.5619557,0.4009699,More flexible,0.4009699
RAT_UMF,UMF-504,194.0194,194,4.196891,3.801621,-0.39527,More rigid,0.39527
RAT_UMF,UMF-504,62.062,62,1.1311914,1.5223001,0.3911087,More flexible,0.3911087
RAT_UMF,UMF-504,205.0205,205,1.0241578,1.4115368,0.3873789999999999,More flexible,0.3873789999999999
RAT_UMF,UMF-504,295.0295,295,0.7161906,1.1034503,0.3872597,More flexible,0.3872597
RAT_UMF,UMF-504,218.0218,218,1.1848252,0.79904586,-0.3857793399999999,More rigid,0.3857793399999999
RAT_UMF,UMF-504,215.0215,215,1.4697903,1.0910027,-0.3787876000000001,More rigid,0.3787876000000001
RAT_UMF,UMF-504,333.0333,333,3.7749681,3.3980036,-0.37696450000000015,More rigid,0.37696450000000015
RAT_UMF,UMF-504,294.0294,294,0.8630109,1.2329606,0.36994969999999994,More flexible,0.36994969999999994
RAT_UMF,UMF-504,190.0190,190,1.7152059,1.35846,-0.35674589999999995,More rigid,0.35674589999999995
RAT_UMF,UMF-504,345.0345,345,1.5672506,1.9220593,0.3548087,More flexible,0.3548087
RAT_UMF,UMF-504,339.0339,339,1.3009157,1.6505939,0.34967820000000005,More flexible,0.34967820000000005
RAT_UMF,UMF-504,222.0222,222,0.9987512,0.6497334,-0.34901779999999993,More rigid,0.34901779999999993
RAT_UMF,UMF-504,227.0227,227,1.0016955,0.6531977,-0.3484978000000001,More rigid,0.3484978000000001
RAT_UMF,UMF-504,185.0185,185,1.4072098,1.7545154,0.3473056000000001,More flexible,0.3473056000000001
RAT_UMF,UMF-504,195.0195,195,4.2001443,3.8554635,-0.3446807999999999,More rigid,0.3446807999999999
RAT_UMF,UMF-504,288.0288,288,1.5191711,1.8514056,0.3322345,More flexible,0.3322345
RAT_UMF,UMF-504,58.058,58,1.2733704,1.599605,0.32623460000000004,More flexible,0.32623460000000004
RAT_UMF,UMF-504,340.0340,340,1.2756705,1.5928423,0.3171718000000001,More flexible,0.3171718000000001
RAT_UMF,UMF-504,204.0204,204,1.4310759,1.7468989,0.31582299999999996,More flexible,0.31582299999999996
RAT_UMF,UMF-504,193.0193,193,3.0990102,2.7950158,-0.3039944000000001,More rigid,0.3039944000000001
RAT_UMF,UMF-504,74.074,74,1.3312981,1.6319327,0.3006346,More flexible,0.3006346
RAT_UMF,UMF-504,324.0324,324,3.531059,3.2360811,-0.2949779000000001,More rigid,0.2949779000000001
RAT_UMF,UMF-504,310.0310,310,1.0545046,0.7621654,-0.2923392,More rigid,0.2923392
RAT_UMF,UMF-504,181.0181,181,1.0984974,0.8242197,-0.27427770000000007,More rigid,0.27427770000000007
RAT_UMF,UMF-504,128.0128,128,0.69263583,0.9665935,0.27395767000000004,More flexible,0.27395767000000004
RAT_UMF,UMF-504,297.0297,297,0.72705054,0.99927014,0.2722196,More flexible,0.2722196
RAT_UMF,UMF-504,54.054,54,1.6622788,1.9296875,0.26740870000000005,More flexible,0.26740870000000005
RAT_UMF,UMF-504,353.0353,353,0.75325227,1.0200368,0.26678453,More flexible,0.26678453
RAT_UMF,UMF-504,287.0287,287,2.1505725,2.415842,0.26526950000000005,More flexible,0.26526950000000005
RAT_UMF,UMF-504,121.0121,121,1.3796961,1.6398249,0.26012879999999994,More flexible,0.26012879999999994
RAT_UMF,UMF-504,189.0189,189,1.0129095,1.27115,0.2582405000000001,More flexible,0.2582405000000001
RAT_UMF,UMF-504,125.0125,125,0.89128906,1.1487184,0.25742933999999995,More flexible,0.25742933999999995
RAT_UMF,UMF-504,341.0341,341,1.5975391,1.3403842,-0.2571549000000002,More rigid,0.2571549000000002
RAT_UMF,UMF-504,319.0319,319,1.2305411,1.4875417,0.2570006,More flexible,0.2570006
RAT_UMF,UMF-504,320.0320,320,1.4044211,1.6554123,0.2509912000000001,More flexible,0.2509912000000001
RAT_UMF,UMF-504,71.071,71,1.0444629,1.2949477,0.25048479999999995,More flexible,0.25048479999999995
RAT_UMF,UMF-504,223.0223,223,0.915588,0.66526294,-0.25032506,More rigid,0.25032506
RAT_UMF,UMF-504,249.0249,249,2.3275635,2.5773225,0.24975900000000006,More flexible,0.24975900000000006
RAT_UMF,UMF-504,75.075,75,1.252606,1.4970441,0.2444381,More flexible,0.2444381
RAT_UMF,UMF-504,61.061,61,1.3306773,1.5720463,0.24136899999999994,More flexible,0.24136899999999994
RAT_UMF,UMF-504,124.0124,124,0.93525505,1.1737027,0.23844765,More flexible,0.23844765
RAT_UMF,UMF-504,70.070,70,1.1520249,1.3863176,0.2342926999999999,More flexible,0.2342926999999999
RAT_UMF,UMF-504,118.0118,118,1.7798901,2.014071,0.23418089999999991,More flexible,0.23418089999999991
RAT_UMF,UMF-504,248.0248,248,1.9148785,2.1479793,0.23310079999999989,More flexible,0.23310079999999989
RAT_UMF,UMF-504,208.0208,208,2.0102942,1.7837102,-0.22658400000000012,More rigid,0.22658400000000012
RAT_UMF,UMF-504,225.0225,225,0.9261031,0.69977885,-0.22632425,More rigid,0.22632425
RAT_UMF,UMF-504,299.0299,299,0.64394104,0.8694961,0.22555506000000003,More flexible,0.22555506000000003
RAT_UMF,UMF-504,153.0153,153,1.0305387,1.2560751,0.2255364000000002,More flexible,0.2255364000000002
RAT_UMF,UMF-504,101.0101,101,1.1315229,1.3565708,0.22504790000000008,More flexible,0.22504790000000008
RAT_UMF,UMF-504,131.0131,131,0.75565845,0.9772515,0.22159305000000007,More flexible,0.22159305000000007
RAT_UMF,UMF-504,59.059,59,1.7317932,1.9530013,0.2212080999999999,More flexible,0.2212080999999999
RAT_UMF,UMF-504,65.065,65,1.3800782,1.5999291,0.21985089999999996,More flexible,0.21985089999999996
RAT_UMF,UMF-504,219.0219,219,1.0183679,0.7996327,-0.21873520000000013,More rigid,0.21873520000000013
RAT_UMF,UMF-504,127.0127,127,0.80386645,1.0184811,0.21461465000000002,More flexible,0.21461465000000002
RAT_UMF,UMF-504,95.095,95,0.9549414,0.7440507,-0.2108907000000001,More rigid,0.2108907000000001
RAT_UMF,UMF-504,67.067,67,1.1648118,1.3754846,0.2106728,More flexible,0.2106728
RAT_UMF,UMF-504,217.0217,217,1.1794968,0.9690286,-0.21046819999999988,More rigid,0.21046819999999988
RAT_UMF,UMF-504,166.0166,166,1.0256542,1.235709,0.21005479999999999,More flexible,0.21005479999999999
RAT_UMF,UMF-504,169.0169,169,0.8194857,1.0283544,0.20886870000000002,More flexible,0.20886870000000002
RAT_UMF,UMF-504,354.0354,354,0.7956277,0.9999206,0.2042929,More flexible,0.2042929
RAT_UMF,UMF-504,312.0312,312,1.0640209,0.8611831,-0.20283780000000007,More rigid,0.20283780000000007
RAT_UMF,UMF-504,182.0182,182,1.1479653,0.9463215,-0.20164380000000004,More rigid,0.20164380000000004
RAT_UMF,UMF-504,355.0355,355,0.9387196,1.1366612,0.19794160000000005,More flexible,0.19794160000000005
RAT_UMF,UMF-504,228.0228,228,0.92978305,0.7324693,-0.19731375000000007,More rigid,0.19731375000000007
RAT_UMF,UMF-504,316.0316,316,0.984419,1.1816993,0.19728029999999996,More flexible,0.19728029999999996
RAT_UMF,UMF-504,210.0210,210,2.136133,1.9411623,-0.19497070000000005,More rigid,0.19497070000000005
RAT_UMF,UMF-504,231.0231,231,0.8825128,0.6890777,-0.19343509999999997,More rigid,0.19343509999999997
RAT_UMF,UMF-504,212.0212,212,3.0445676,3.2375827,0.19301509999999977,More flexible,0.19301509999999977
RAT_UMF,UMF-504,155.0155,155,1.4951147,1.6854991,0.1903843999999999,More flexible,0.1903843999999999
RAT_UMF,UMF-504,300.0300,300,0.66445017,0.85459954,0.1901493700000001,More flexible,0.1901493700000001
RAT_UMF,UMF-504,149.0149,149,0.64742184,0.831483,0.18406115999999995,More flexible,0.18406115999999995
RAT_UMF,UMF-504,311.0311,311,1.0461435,0.8623203,-0.18382319999999985,More rigid,0.18382319999999985
RAT_UMF,UMF-504,352.0352,352,0.82060266,1.0029414,0.18233874000000005,More flexible,0.18233874000000005
RAT_UMF,UMF-504,137.0137,137,0.77832246,0.59619117,-0.18213129000000006,More rigid,0.18213129000000006
RAT_UMF,UMF-504,221.0221,221,0.8776721,0.6959439,-0.1817282,More rigid,0.1817282
RAT_UMF,UMF-504,321.0321,321,1.6186965,1.7985198,0.17982330000000002,More flexible,0.17982330000000002
RAT_UMF,UMF-504,327.0327,327,4.3003054,4.1225915,-0.17771389999999965,More rigid,0.17771389999999965
RAT_UMF,UMF-504,139.0139,139,0.73390496,0.55751187,-0.17639309000000003,More rigid,0.17639309000000003
RAT_UMF,UMF-504,232.0232,232,0.9644375,0.7886249,-0.17581259999999999,More rigid,0.17581259999999999
RAT_UMF,UMF-504,73.073,73,1.1537104,1.3292093,0.1754989,More flexible,0.1754989
RAT_UMF,UMF-504,53.053,53,2.0742302,2.2487726,0.1745424,More flexible,0.1745424
RAT_UMF,UMF-504,152.0152,152,0.9424932,1.1167108,0.17421759999999986,More flexible,0.17421759999999986
RAT_UMF,UMF-504,148.0148,148,0.6258822,0.7968753,0.1709930999999999,More flexible,0.1709930999999999
RAT_UMF,UMF-504,322.0322,322,1.7666731,1.9366574,0.1699843000000001,More flexible,0.1699843000000001
RAT_UMF,UMF-504,77.077,77,1.7590247,1.9272983,0.1682735999999998,More flexible,0.1682735999999998
RAT_UMF,UMF-504,76.076,76,1.3135607,1.4816709,0.16811019999999988,More flexible,0.16811019999999988
RAT_UMF,UMF-504,318.0318,318,1.135831,1.3024627,0.16663169999999994,More flexible,0.16663169999999994
RAT_UMF,UMF-504,119.0119,119,1.7381467,1.577949,-0.1601976999999999,More rigid,0.1601976999999999
RAT_UMF,UMF-504,213.0213,213,1.8031349,1.6429651,-0.16016980000000003,More rigid,0.16016980000000003
RAT_UMF,UMF-504,96.096,96,0.9176357,0.7582274,-0.15940830000000006,More rigid,0.15940830000000006
RAT_UMF,UMF-504,136.0136,136,0.73199534,0.5731865,-0.15880883999999995,More rigid,0.15880883999999995
RAT_UMF,UMF-504,72.072,72,0.9263569,1.0836272,0.15727029999999997,More flexible,0.15727029999999997
RAT_UMF,UMF-504,317.0317,317,1.0331454,1.1903557,0.15721030000000003,More flexible,0.15721030000000003
RAT_UMF,UMF-504,309.0309,309,1.0138376,0.85800856,-0.15582903999999997,More rigid,0.15582903999999997
RAT_UMF,UMF-504,178.0178,178,0.8741337,0.7183481,-0.15578559999999997,More rigid,0.15578559999999997
RAT_UMF,UMF-504,298.0298,298,0.71331316,0.8661563,0.15284314,More flexible,0.15284314
RAT_UMF,UMF-504,83.083,83,2.712673,2.864319,0.15164599999999995,More flexible,0.15164599999999995
RAT_UMF,UMF-504,207.0207,207,1.3363256,1.4834954,0.14716980000000013,More flexible,0.14716980000000013
RAT_UMF,UMF-504,306.0306,306,0.80224466,0.6560112,-0.14623346000000004,More rigid,0.14623346000000004
RAT_UMF,UMF-504,87.087,87,0.9308043,1.0766338,0.14582949999999995,More flexible,0.14582949999999995
RAT_UMF,UMF-504,338.0338,338,1.5677953,1.422579,-0.14521629999999996,More rigid,0.14521629999999996
RAT_UMF,UMF-504,140.0140,140,0.691121,0.55178475,-0.13933624999999994,More rigid,0.13933624999999994
RAT_UMF,UMF-504,224.0224,224,0.8355406,0.6979493,-0.13759129999999997,More rigid,0.13759129999999997
RAT_UMF,UMF-504,94.094,94,0.8906287,0.7537791,-0.13684960000000002,More rigid,0.13684960000000002
RAT_UMF,UMF-504,133.0133,133,0.8042489,0.66862637,-0.13562253000000002,More rigid,0.13562253000000002
RAT_UMF,UMF-504,138.0138,138,0.744437,0.6099093,-0.13452770000000003,More rigid,0.13452770000000003
RAT_UMF,UMF-504,145.0145,145,0.52012706,0.65407467,0.13394761,More flexible,0.13394761
RAT_UMF,UMF-504,230.0230,230,0.8330884,0.69990253,-0.13318586999999993,More rigid,0.13318586999999993
RAT_UMF,UMF-504,60.060,60,2.1786537,2.0462863,-0.13236740000000013,More rigid,0.13236740000000013
RAT_UMF,UMF-504,66.066,66,1.4185693,1.5489306,0.13036130000000012,More flexible,0.13036130000000012
RAT_UMF,UMF-504,209.0209,209,1.4320807,1.5609367,0.12885600000000008,More flexible,0.12885600000000008
RAT_UMF,UMF-504,92.092,92,0.8610055,0.7324256,-0.12857989999999997,More rigid,0.12857989999999997
RAT_UMF,UMF-504,184.0184,184,1.412781,1.5395248,0.12674379999999985,More flexible,0.12674379999999985
RAT_UMF,UMF-504,69.069,69,0.9572331,1.0830169,0.1257838000000001,More flexible,0.1257838000000001
RAT_UMF,UMF-504,173.0173,173,0.81224287,0.93802565,0.1257827800000001,More flexible,0.1257827800000001
RAT_UMF,UMF-504,172.0172,172,0.8469589,0.9721574,0.1251985,More flexible,0.1251985
RAT_UMF,UMF-504,68.068,68,0.93909144,1.0614315,0.12234006000000008,More flexible,0.12234006000000008
RAT_UMF,UMF-504,229.0229,229,0.8871525,0.76691985,-0.12023265000000005,More rigid,0.12023265000000005
RAT_UMF,UMF-504,236.0236,236,1.0185328,0.90037286,-0.11815993999999996,More rigid,0.11815993999999996
RAT_UMF,UMF-504,233.0233,233,0.8762748,0.75855255,-0.11772225000000003,More rigid,0.11772225000000003
RAT_UMF,UMF-504,186.0186,186,1.3045001,1.4216933,0.1171932,More flexible,0.1171932
RAT_UMF,UMF-504,238.0238,238,0.8374281,0.9542673,0.11683920000000003,More flexible,0.11683920000000003
RAT_UMF,UMF-504,241.0241,241,0.8960339,1.0101233,0.11408940000000001,More flexible,0.11408940000000001
RAT_UMF,UMF-504,168.0168,168,0.9554509,1.069399,0.1139481,More flexible,0.1139481
RAT_UMF,UMF-504,307.0307,307,0.8206099,0.7099727,-0.11063719999999999,More rigid,0.11063719999999999
RAT_UMF,UMF-504,91.091,91,0.8962618,0.7875618,-0.10870000000000002,More rigid,0.10870000000000002
RAT_UMF,UMF-504,63.063,63,1.8834418,1.989106,0.1056642000000001,More flexible,0.1056642000000001
RAT_UMF,UMF-504,144.0144,144,0.57515657,0.6786803,0.10352373000000004,More flexible,0.10352373000000004
RAT_UMF,UMF-504,126.0126,126,0.96561676,1.0690365,0.10341973999999998,More flexible,0.10341973999999998
RAT_UMF,UMF-504,301.0301,301,0.65813553,0.7605486,0.10241307,More flexible,0.10241307
RAT_UMF,UMF-504,93.093,93,0.85390997,0.75187117,-0.10203879999999999,More rigid,0.10203879999999999
RAT_UMF,UMF-504,82.082,82,2.9111686,2.8116279,-0.09954069999999993,More rigid,0.09954069999999993
RAT_UMF,UMF-504,170.0170,170,0.7657671,0.8646608,0.09889369999999997,More flexible,0.09889369999999997
RAT_UMF,UMF-504,342.0342,342,1.5384779,1.6372596,0.09878169999999997,More flexible,0.09878169999999997
RAT_UMF,UMF-504,81.081,81,3.0320432,2.9375126,-0.09453060000000013,More rigid,0.09453060000000013
RAT_UMF,UMF-504,56.056,56,2.3821006,2.288883,-0.09321760000000001,More rigid,0.09321760000000001
RAT_UMF,UMF-504,122.0122,122,1.4106681,1.503185,0.0925168999999999,More flexible,0.0925168999999999
RAT_UMF,UMF-504,235.0235,235,0.9272016,0.8355975,-0.09160409999999997,More rigid,0.09160409999999997
RAT_UMF,UMF-504,86.086,86,0.9987646,1.0837919,0.08502730000000003,More flexible,0.08502730000000003
RAT_UMF,UMF-504,89.089,89,0.83123535,0.7475489,-0.08368645000000008,More rigid,0.08368645000000008
RAT_UMF,UMF-504,90.090,90,0.87491727,0.7942513,-0.08066596999999998,More rigid,0.08066596999999998
RAT_UMF,UMF-504,141.0141,141,0.64001894,0.5610619,-0.07895704000000003,More rigid,0.07895704000000003
RAT_UMF,UMF-504,176.0176,176,0.9573777,1.0339774,0.07659969999999994,More flexible,0.07659969999999994
RAT_UMF,UMF-504,183.0183,183,1.2577002,1.1818438,-0.07585639999999993,More rigid,0.07585639999999993
RAT_UMF,UMF-504,154.0154,154,1.3324891,1.4068835,0.07439439999999986,More flexible,0.07439439999999986
RAT_UMF,UMF-504,167.0167,167,0.9705874,1.0448859,0.07429849999999993,More flexible,0.07429849999999993
RAT_UMF,UMF-504,313.0313,313,0.9287194,0.85836065,-0.07035875000000003,More rigid,0.07035875000000003
RAT_UMF,UMF-504,188.0188,188,1.2993914,1.3675025,0.06811110000000009,More flexible,0.06811110000000009
RAT_UMF,UMF-504,303.0303,303,0.71146196,0.64402753,-0.06743442999999993,More rigid,0.06743442999999993
RAT_UMF,UMF-504,98.098,98,1.0405897,0.97473574,-0.06585395999999999,More rigid,0.06585395999999999
RAT_UMF,UMF-504,78.078,78,2.0598574,2.1248538,0.06499640000000007,More flexible,0.06499640000000007
RAT_UMF,UMF-504,99.099,99,0.97804534,0.9135555,-0.06448984000000002,More rigid,0.06448984000000002
RAT_UMF,UMF-504,242.0242,242,1.1530025,1.2157433,0.06274080000000004,More flexible,0.06274080000000004
RAT_UMF,UMF-504,146.0146,146,0.5565735,0.6174127,0.06083919999999998,More flexible,0.06083919999999998
RAT_UMF,UMF-504,337.0337,337,1.4566064,1.5173386,0.0607321999999999,More flexible,0.0607321999999999
RAT_UMF,UMF-504,216.0216,216,1.1663865,1.1062913,-0.060095199999999904,More rigid,0.060095199999999904
RAT_UMF,UMF-504,132.0132,132,0.7344603,0.78975445,0.05529415000000004,More flexible,0.05529415000000004
RAT_UMF,UMF-504,220.0220,220,0.8452505,0.79185164,-0.05339886000000005,More rigid,0.05339886000000005
RAT_UMF,UMF-504,245.0245,245,1.4099897,1.4621084,0.05211870000000007,More flexible,0.05211870000000007
RAT_UMF,UMF-504,234.0234,234,0.7896954,0.7379583,-0.05173710000000009,More rigid,0.05173710000000009
RAT_UMF,UMF-504,200.0200,200,6.2947006,6.3458757,0.05117510000000003,More flexible,0.05117510000000003
RAT_UMF,UMF-504,244.0244,244,1.2678678,1.3167809,0.04891309999999982,More flexible,0.04891309999999982
RAT_UMF,UMF-504,171.0171,171,0.77756613,0.8263752,0.04880907000000001,More flexible,0.04880907000000001
RAT_UMF,UMF-504,180.0180,180,1.1166364,1.0679904,-0.04864599999999997,More rigid,0.04864599999999997
RAT_UMF,UMF-504,100.0100,100,1.0452327,1.0937365,0.048503799999999986,More flexible,0.048503799999999986
RAT_UMF,UMF-504,308.0308,308,0.90404356,0.8556284,-0.04841516000000001,More rigid,0.04841516000000001
RAT_UMF,UMF-504,179.0179,179,1.0182378,0.9707064,-0.04753140000000011,More rigid,0.04753140000000011
RAT_UMF,UMF-504,151.0151,151,0.9615735,1.008291,0.04671750000000008,More flexible,0.04671750000000008
RAT_UMF,UMF-504,142.0142,142,0.5899017,0.5442793,-0.04562239999999995,More rigid,0.04562239999999995
RAT_UMF,UMF-504,351.0351,351,0.8918412,0.84864074,-0.043200459999999996,More rigid,0.043200459999999996
RAT_UMF,UMF-504,134.0134,134,0.74659836,0.7035267,-0.04307166000000007,More rigid,0.04307166000000007
RAT_UMF,UMF-504,147.0147,147,0.6467743,0.6893308,0.0425565,More flexible,0.0425565
RAT_UMF,UMF-504,175.0175,175,0.8340131,0.8707234,0.036710300000000085,More flexible,0.036710300000000085
RAT_UMF,UMF-504,143.0143,143,0.60590357,0.5693019,-0.03660166999999992,More rigid,0.03660166999999992
RAT_UMF,UMF-504,314.0314,314,0.88673294,0.85076505,-0.03596789,More rigid,0.03596789
RAT_UMF,UMF-504,323.0323,323,2.5972536,2.5621448,-0.03510880000000016,More rigid,0.03510880000000016
RAT_UMF,UMF-504,88.088,88,0.848538,0.8829236,0.034385600000000016,More flexible,0.034385600000000016
RAT_UMF,UMF-504,130.0130,130,0.7864821,0.8198747,0.033392599999999995,More flexible,0.033392599999999995
RAT_UMF,UMF-504,177.0177,177,0.91045904,0.8811915,-0.02926753999999998,More rigid,0.02926753999999998
RAT_UMF,UMF-504,305.0305,305,0.757991,0.7289625,-0.029028500000000013,More rigid,0.029028500000000013
RAT_UMF,UMF-504,315.0315,315,1.0172284,0.99025553,-0.026972870000000038,More rigid,0.026972870000000038
RAT_UMF,UMF-504,211.0211,211,2.7478895,2.7733707,0.025481200000000204,More flexible,0.025481200000000204
RAT_UMF,UMF-504,237.0237,237,0.84738433,0.8697518,0.022367469999999945,More flexible,0.022367469999999945
RAT_UMF,UMF-504,84.084,84,1.8018073,1.7798362,-0.0219710999999998,More rigid,0.0219710999999998
RAT_UMF,UMF-504,239.0239,239,1.0786701,1.0576926,-0.020977500000000093,More rigid,0.020977500000000093
RAT_UMF,UMF-504,97.097,97,0.9403206,0.9197706,-0.020549999999999957,More rigid,0.020549999999999957
RAT_UMF,UMF-504,350.0350,350,0.89976734,0.87923294,-0.020534400000000064,More rigid,0.020534400000000064
RAT_UMF,UMF-504,123.0123,123,1.2900026,1.3090767,0.019074100000000094,More flexible,0.019074100000000094
RAT_UMF,UMF-504,304.0304,304,0.7405264,0.7214897,-0.019036700000000017,More rigid,0.019036700000000017
RAT_UMF,UMF-504,325.0325,325,4.2393475,4.220903,-0.018444500000000197,More rigid,0.018444500000000197
RAT_UMF,UMF-504,187.0187,187,1.3432927,1.3606496,0.01735690000000001,More flexible,0.01735690000000001
RAT_UMF,UMF-504,150.0150,150,0.8230499,0.80707103,-0.01597886999999998,More rigid,0.01597886999999998
RAT_UMF,UMF-504,135.0135,135,0.6614306,0.6455397,-0.01589089999999993,More rigid,0.01589089999999993
RAT_UMF,UMF-504,120.0120,120,1.6427518,1.6280614,-0.014690400000000103,More rigid,0.014690400000000103
RAT_UMF,UMF-504,240.0240,240,1.0116483,1.0255101,0.013861799999999924,More flexible,0.013861799999999924
RAT_UMF,UMF-504,302.0302,302,0.6729226,0.663468,-0.00945460000000009,More rigid,0.00945460000000009
RAT_UMF,UMF-504,243.0243,243,1.3372718,1.3330295,-0.00424229999999981,More rigid,0.00424229999999981
RAT_UMF,UMF-504,129.0129,129,0.83297616,0.83166826,-0.0013078999999999175,More rigid,0.0013078999999999175
RAT_UMF,UMF-504,174.0174,174,0.74196345,0.7412671,-0.0006963500000000122,More rigid,0.0006963500000000122
